Sleep Quality,Age,Daily Steps,Calories Burned
Excellent,37.6,9900.0,2980.0
Fair,27.857142857142858,4928.571428571428,1800.0
Good,36.125,8062.5,2612.5
